CountryID,Country Name,WEBNAME,Region,World Rank,Region Rank,2018 Score,Property Rights,Judical Effectiveness,Government Integrity,Tax Burden,Gov't Spending,Fiscal Health,Business Freedom,Labor Freedom,Monetary Freedom,Trade Freedom,Investment Freedom ,Financial Freedom,Tariff Rate (%),Income Tax Rate (%),Corporate Tax Rate (%),Tax Burden % of GDP,Gov't Expenditure % of GDP ,Country,Population (Millions),"GDP (Billions, PPP)",GDP Growth Rate (%),5 Year GDP Growth Rate (%),GDP per Capita (PPP),Unemployment (%),Inflation (%),FDI Inflow (Millions),Public Debt (% of GDP)
1,Afghanistan,Afghanistan,Asia-Pacific,154.00,38.00,51.30,17.90,28.20,26.20,91.80,79.30,98.30,53.00,57.30,77.80,66.00,10.00,10.00,7.02,20.00,20.00,5.00,26.30,Afghanistan,33.40,64.08,1.50,4.39,1918.60,8.54,4.38,99.57,8.27
2,Albania,Albania,Europe,65.00,32.00,64.50,54.10,25.40,39.90,85.10,72.70,67.50,69.10,50.40,82.40,87.80,70.00,70.00,1.11,23.00,15.00,27.20,30.15,Albania,2.89,34.16,2.60,2.05,11840.23,16.33,1.28,1124.35,71.54
3,Algeria,Algeria,Middle East / North Africa,172.00,14.00,44.70,27.80,35.20,29.00,74.00,45.90,19.20,68.10,48.70,69.90,63.50,25.00,30.00,8.27,35.00,23.00,29.10,42.47,Algeria,40.76,612.51,3.70,3.58,15026.46,11.22,6.40,1546.00,20.36
4,Angola,Angola,Sub-Saharan Africa,164.00,40.00,48.60,36.00,25.40,18.90,82.40,69.10,54.80,58.30,50.90,58.50,59.50,30.00,40.00,10.24,17.00,30.00,24.00,32.08,Angola,27.36,187.26,3.00,3.96,6844.43,6.58,32.38,14363.56,71.88
5,Argentina,Argentina,Americas,144.00,26.00,52.30,40.80,44.50,32.60,65.70,55.60,52.60,56.20,43.30,51.30,70.30,55.00,60.00,7.35,35.00,35.00,31.30,38.49,Argentina,43.60,874.07,1.20,-0.16,20047.49,6.56,58.40,5745.18,51.27
6,Armenia,Armenia,Europe,44.00,20.00,68.70,55.30,47.40,40.50,84.70,80.00,67.20,78.70,69.90,75.80,80.00,75.00,70.00,2.52,26.00,20.00,21.30,25.81,Armenia,2.99,25.78,3.00,3.45,8620.98,16.76,-1.41,338.03,51.81
7,Australia,Australia,Asia-Pacific,5.00,4.00,80.90,78.70,93.40,77.40,63.00,61.20,84.30,89.10,79.70,87.40,86.20,80.00,90.00,1.89,45.00,30.00,27.85,35.95,Australia,24.28,1187.32,2.50,2.68,48899.12,5.74,1.30,48190.25,41.09
8,Austria,Austria,Europe,32.00,17.00,71.80,83.50,80.90,73.50,49.90,19.40,81.10,75.50,66.70,83.70,86.90,90.00,70.00,1.57,50.00,25.00,43.46,51.82,Austria,8.69,417.23,0.90,0.79,48004.66,6.11,0.97,-6088.53,83.87
9,Azerbaijan,Azerbaijan,Asia-Pacific,67.00,14.00,64.30,53.60,36.80,39.90,87.50,59.40,95.50,72.30,71.90,65.60,74.60,55.00,60.00,5.19,25.00,20.00,15.00,36.77,Azerbaijan,9.49,165.53,1.10,1.62,17438.59,5.07,12.40,4500.00,37.67
10,Bahamas,Bahamas,Americas,74.00,15.00,63.30,46.50,53.50,50.90,96.50,82.90,59.00,68.30,64.60,79.20,52.70,45.00,60.00,18.66,0.00,0.00,18.80,23.84,Bahamas,0.37,9.04,0.50,0.18,24555.15,15.31,0.40,521.85,66.92
11,Bahrain,Bahrain,Middle East / North Africa,50.00,4.00,67.70,62.10,55.10,51.80,99.90,66.40,6.50,75.50,76.50,79.90,83.40,75.00,80.00,3.29,0.00,0.00,5.60,33.45,Bahrain,1.32,66.90,3.20,3.85,50704.07,1.28,2.80,281.91,82.12
12,Bangladesh,Bangladesh,Asia-Pacific,128.00,29.00,55.10,32.40,32.60,21.20,72.70,94.20,78.90,52.10,66.40,69.00,61.20,50.00,30.00,11.89,25.00,45.00,8.80,13.86,Bangladesh,161.51,628.38,6.40,6.47,3890.59,4.07,6.35,2332.72,33.08
13,Barbados,Barbados,Americas,117.00,24.00,57.00,51.40,54.40,53.80,74.00,39.30,0.00,70.50,63.20,85.00,62.20,70.00,60.00,13.90,35.00,25.00,27.30,44.98,Barbados,0.28,4.79,0.50,0.56,17100.17,11.39,0.30,228.29,107.89
14,Belarus,Belarus,Europe,108.00,42.00,58.10,53.50,57.30,42.00,89.80,47.90,75.40,74.10,73.10,62.30,81.40,30.00,10.00,1.80,13.00,18.00,23.00,41.67,Belarus,9.50,170.96,-3.90,-0.49,17999.70,0.53,11.83,1235.30,52.28
15,Belgium,Belgium,Europe,52.00,25.00,67.50,81.20,69.50,70.90,44.00,12.10,67.90,80.60,59.50,82.60,86.90,85.00,70.00,1.57,50.00,33.00,44.81,54.12,Belgium,11.31,509.53,1.40,0.89,45046.94,8.26,1.77,33102.70,105.53
16,Belize,Belize,Americas,116.00,23.00,57.10,42.10,53.50,34.70,80.00,65.50,50.00,62.90,48.70,78.30,64.90,55.00,50.00,10.04,25.00,25.00,27.30,33.90,Belize,0.38,3.09,1.50,2.08,8219.91,11.03,1.18,32.50,98.56
17,Benin,Benin,Sub-Saharan Africa,120.00,17.00,56.70,35.50,31.30,30.20,67.40,85.60,49.70,60.70,49.90,84.70,55.60,80.00,50.00,17.22,45.00,30.00,18.30,21.87,Benin,11.13,23.59,5.20,4.90,2119.43,1.01,-0.81,160.59,50.30
18,Bhutan,Bhutan,Asia-Pacific,87.00,20.00,61.80,60.90,51.60,50.90,83.00,72.20,80.00,72.50,75.70,70.50,74.40,20.00,30.00,2.82,25.00,30.00,13.10,30.46,Bhutan,0.79,6.51,7.70,5.26,8227.37,2.38,4.18,-12.48,110.24
19,Bolivia,Bolivia,Americas,173.00,30.00,44.10,19.00,11.40,23.10,85.70,46.50,46.80,59.20,49.20,67.50,75.50,5.00,40.00,4.75,13.00,25.00,25.30,42.23,Bolivia,10.90,78.66,4.80,5.27,7218.49,3.71,3.63,410.12,42.10
20,Bosnia and Herzegovina,BosniaHerzegovina,Europe,91.00,38.00,61.40,39.50,43.70,28.40,83.50,41.50,94.40,49.30,59.60,83.50,87.80,65.00,60.00,1.09,10.00,10.00,38.10,44.15,Bosnia and Herzegovina,3.85,42.23,2.80,1.60,10957.54,25.76,-1.10,285.24,44.37
21,Botswana,Botswana,Sub-Saharan Africa,35.00,2.00,69.90,57.70,54.70,56.60,76.10,63.40,98.20,69.50,64.60,79.00,83.90,65.00,70.00,0.54,25.00,22.00,35.80,34.93,Botswana,2.15,36.71,-0.30,4.22,17041.58,18.37,2.81,10.46,13.89
22,Brazil,Brazil,Americas,153.00,27.00,51.40,55.80,55.50,31.40,70.60,50.70,7.70,58.60,46.80,71.40,68.50,50.00,50.00,8.27,27.50,34.00,32.00,40.54,Brazil,206.10,3141.34,-3.80,-0.39,15241.73,11.45,8.74,58679.59,78.32
23,Bulgaria,Bulgaria,Europe,47.00,23.00,68.30,63.60,42.50,38.20,90.90,60.50,94.30,64.30,66.10,82.80,86.90,70.00,60.00,1.57,10.00,10.00,26.70,36.29,Bulgaria,7.11,144.60,3.00,1.86,20326.70,8.00,-1.32,776.19,27.83
24,Burkina Faso,BurkinaFaso,Sub-Saharan Africa,95.00,8.00,60.00,42.10,47.10,31.80,80.60,83.70,80.40,51.50,47.00,84.50,65.80,65.00,40.00,9.59,27.50,27.50,20.60,23.30,Burkina Faso,18.42,32.83,4.00,5.15,1782.15,2.99,0.75,308.72,32.47
25,Burma,Burma,Asia-Pacific,135.00,33.00,53.90,32.50,17.60,28.20,86.30,84.70,89.20,54.20,65.90,67.60,70.90,30.00,20.00,4.56,20.00,30.00,8.20,22.58,Burma,52.25,304.73,7.00,7.47,5831.82,0.81,7.00,2190.00,35.79
26,Burundi,Burundi,Sub-Saharan Africa,157.00,34.00,50.90,17.60,21.70,26.20,71.00,78.60,54.80,53.00,63.20,70.20,69.20,55.00,30.00,5.39,35.00,35.00,21.20,26.71,Burundi,9.65,7.85,-4.10,1.98,813.71,1.60,5.53,0.06,47.16
27,Cambodia,Cambodia,Asia-Pacific,101.00,22.00,58.70,36.00,24.50,17.70,89.80,86.50,92.10,30.60,57.70,79.70,80.30,60.00,50.00,4.85,20.00,20.00,15.00,21.18,Cambodia,15.78,58.95,6.90,7.17,3736.88,0.27,3.00,1916.07,32.96
28,Cameroon,Cameroon,Sub-Saharan Africa,149.00,32.00,51.90,40.60,29.40,23.40,73.70,86.10,72.00,44.00,42.90,82.50,53.40,25.00,50.00,15.78,35.00,33.00,17.80,21.56,Cameroon,23.69,76.95,5.90,5.26,3248.78,4.51,0.87,128.20,32.82
29,Canada,Canada,Americas,9.00,1.00,77.70,87.50,77.10,78.30,76.70,52.30,81.20,81.80,71.30,77.50,88.10,80.00,80.00,0.96,33.00,15.00,31.94,39.87,Canada,36.23,1682.36,1.20,1.83,46437.16,7.07,1.41,33721.14,92.33
30,Cabo Verde,CaboVerde,Sub-Saharan Africa,96.00,9.00,60.00,42.10,52.00,42.80,74.00,71.50,40.20,64.60,40.50,83.50,68.20,80.00,60.00,10.89,35.00,24.00,27.40,30.80,Cabo Verde,0.53,3.54,1.80,1.52,6662.02,10.52,-1.49,119.44,133.82
31,Central African Republic,CentralAfricanRepublic,Sub-Saharan Africa,163.00,39.00,49.20,17.90,28.20,24.60,64.60,94.60,96.40,27.20,34.50,70.50,57.20,45.00,30.00,13.88,50.00,30.00,11.80,13.36,Central African Republic,4.89,3.19,4.30,-4.44,651.92,6.87,4.62,31.20,42.52
32,Chad,Chad,Sub-Saharan Africa,162.00,38.00,49.30,25.10,24.10,23.10,44.80,90.50,81.90,29.40,40.30,79.90,52.20,60.00,40.00,13.92,60.00,45.00,12.70,17.75,Chad,11.86,28.99,1.80,3.37,2445.18,5.79,-1.12,559.86,51.16
33,Chile,Chile,Americas,20.00,3.00,75.20,67.90,63.40,61.20,78.00,81.30,91.70,72.40,60.40,82.40,88.70,85.00,70.00,0.64,35.00,25.00,18.80,24.99,Chile,18.20,438.75,2.10,3.04,24112.94,6.57,3.79,11265.71,21.18
34,China,China,Asia-Pacific,110.00,24.00,57.80,46.70,65.40,47.30,70.40,71.60,85.90,54.90,61.40,71.40,73.20,25.00,20.00,3.41,45.00,25.00,17.50,30.75,China,1382.71,21291.77,6.90,7.32,15398.58,4.61,2.00,133700.00,46.23
35,Colombia,Colombia,Americas,42.00,6.00,68.90,60.70,36.40,33.40,80.30,74.40,82.20,78.60,75.20,73.90,81.60,80.00,70.00,4.21,33.00,25.00,16.10,29.20,Colombia,48.75,688.82,3.10,3.66,14130.18,9.87,7.51,13592.65,47.59
36,Comoros,Comoros,Sub-Saharan Africa,121.00,18.00,56.20,36.70,28.20,27.50,59.70,77.80,96.60,57.50,58.70,81.20,74.90,45.00,30.00,5.04,30.00,50.00,25.10,27.19,Comoros,0.82,1.26,1.00,2.32,1529.16,19.96,2.00,8.02,26.27
37,"Congo, Democratic Republic of the Congo",DemcoraticRepublicCongo,Sub-Saharan Africa,147.00,30.00,52.10,24.10,23.90,27.30,73.20,94.80,99.10,60.20,47.80,60.30,64.60,30.00,20.00,10.19,30.00,40.00,13.60,13.19,"Congo, Democratic Republic of the Congo",84.13,65.04,7.70,6.87,773.06,3.64,22.43,1204.71,21.51
38,"Congo, Republic of",RepublicCongo,Sub-Saharan Africa,177.00,47.00,38.90,32.40,28.20,24.60,60.80,33.40,6.20,31.30,34.10,73.80,61.90,50.00,30.00,11.55,45.00,34.00,27.20,47.11,"Congo, Republic of",4.46,29.78,2.50,2.77,6676.10,11.19,3.58,2006.00,82.96
39,Costa Rica,CostaRica,Americas,57.00,11.00,65.60,54.80,57.80,51.80,79.30,88.90,46.80,68.30,50.30,85.00,84.70,70.00,50.00,2.66,25.00,30.00,23.40,19.26,Costa Rica,4.91,80.70,3.70,3.96,16435.83,9.00,-0.02,2762.14,43.71
40,Côte d'Ivoire,CoeDivoire,Sub-Saharan Africa,85.00,6.00,62.00,39.40,44.20,36.60,76.40,84.60,80.80,62.10,47.60,73.60,73.70,75.00,50.00,8.16,36.00,25.00,20.90,22.65,Côte d'Ivoire,24.33,87.80,8.60,8.93,3609.03,9.32,1.00,481.03,48.77
41,Croatia,Croatia,Europe,92.00,39.00,61.00,65.90,56.50,40.50,66.00,32.50,67.20,58.90,43.00,79.10,87.40,75.00,60.00,1.30,40.00,20.00,37.40,47.42,Croatia,4.17,95.06,1.60,0.17,22795.31,13.48,-1.13,1744.66,84.38
42,Cuba,Cuba,Americas,178.00,31.00,31.90,29.70,10.00,38.10,49.00,0.00,64.40,20.00,20.00,66.40,64.70,10.00,10.00,7.66,50.00,30.00,41.20,62.41,Cuba,11.50,142.00,4.30,2.04,12390.00,2.92,4.50,n/a,42.50
43,Cyprus,Cyprus,Europe,48.00,24.00,67.80,71.20,56.70,41.30,75.20,52.90,79.30,77.00,55.70,83.00,86.90,75.00,60.00,1.57,35.00,12.50,33.20,39.63,Cyprus,0.85,29.67,1.60,-1.23,34970.30,11.73,-1.22,4137.76,107.96
44,Czech Republic,CzechRepublic,Europe,24.00,13.00,74.20,73.00,57.90,51.10,82.90,48.60,96.20,72.50,76.80,85.20,86.90,80.00,80.00,1.57,15.00,19.00,33.47,41.41,Czech Republic,10.55,350.72,4.20,1.68,33231.52,4.05,0.69,6751.87,37.67
45,Denmark,Denmark,Europe,12.00,6.00,76.60,84.80,83.60,84.10,41.40,10.60,96.70,92.50,82.80,86.40,86.90,90.00,80.00,1.57,56.00,23.50,46.62,54.59,Denmark,5.71,273.87,1.20,1.12,47985.37,6.05,0.25,950.72,39.87
46,Djibouti,Djibouti,Sub-Saharan Africa,171.00,43.00,45.10,19.00,13.80,29.00,69.80,27.20,18.00,51.70,58.90,69.50,54.90,80.00,50.00,17.56,30.00,25.00,38.70,49.26,Djibouti,0.99,3.35,6.50,5.77,3369.58,6.61,3.00,160.00,31.26
47,Dominica,Dominica,Americas,66.00,13.00,64.50,48.60,69.20,49.90,72.90,64.80,85.20,71.70,57.70,86.60,62.60,75.00,30.00,13.72,35.00,30.00,24.10,34.23,Dominica,0.07,0.81,-4.30,0.54,11374.59,N/A,0.03,31.37,80.97
48,Dominican Republic,DominicanRepublic,Americas,89.00,18.00,61.60,51.70,23.10,26.20,84.60,90.60,90.50,53.20,54.30,77.10,72.40,75.00,40.00,6.30,25.00,27.00,13.70,17.69,Dominican Republic,10.08,161.84,7.00,5.75,16049.46,14.36,1.61,2406.70,34.44
49,Ecuador,Ecuador,Americas,165.00,28.00,48.50,36.70,23.30,30.20,79.40,52.50,47.00,55.60,43.70,70.10,68.80,35.00,40.00,5.60,35.00,22.00,18.80,39.80,Ecuador,16.53,183.61,0.00,2.51,11108.56,5.36,1.72,744.04,29.24
50,Egypt,Egypt,Middle East / North Africa,139.00,11.00,53.40,32.70,52.50,32.20,84.20,65.10,1.20,71.50,51.50,69.60,70.90,60.00,50.00,7.04,25.00,25.00,18.20,34.10,Egypt,90.20,1132.37,4.20,3.42,12553.94,12.01,10.20,8106.80,97.07
51,El Salvador,ElSalvador,Americas,75.00,16.00,63.20,37.30,35.40,25.20,78.90,86.30,78.50,58.20,52.90,79.80,86.40,80.00,60.00,1.79,30.00,30.00,17.50,21.35,El Salvador,6.15,54.79,2.40,2.00,8909.43,6.29,0.60,373.45,59.89
52,Equatorial Guinea,EquatorialGuinea,Sub-Saharan Africa,175.00,45.00,42.00,29.80,17.60,26.20,69.60,61.00,19.10,45.60,29.80,81.70,53.80,40.00,30.00,15.60,35.00,35.00,24.30,36.06,Equatorial Guinea,0.82,31.72,-12.20,-2.75,38639.07,7.33,1.40,53.96,21.66
53,Eritrea,Eritrea,Sub-Saharan Africa,176.00,46.00,41.70,35.50,13.80,23.40,79.90,75.60,0.00,56.70,65.70,60.90,69.20,0.00,20.00,5.40,30.00,30.00,14.40,28.52,Eritrea,6.50,9.17,4.80,4.70,1410.33,7.27,9.00,52.31,125.54
54,Estonia,Estonia,Europe,7.00,3.00,78.80,80.40,83.90,75.70,80.70,52.60,99.80,75.60,54.80,85.10,86.90,90.00,80.00,1.57,20.00,20.00,33.59,39.76,Estonia,1.31,38.45,1.10,2.31,29312.90,6.91,0.80,870.45,9.49
55,Ethiopia,Ethiopia,Sub-Saharan Africa,142.00,27.00,52.80,31.10,37.60,37.70,76.50,90.60,85.50,40.20,51.30,67.10,60.70,35.00,20.00,12.14,35.00,30.00,15.10,17.73,Ethiopia,91.20,177.46,10.20,9.46,1945.89,5.74,7.26,3196.39,54.86
56,Fiji,Fiji,Asia-Pacific,84.00,19.00,62.00,68.30,47.10,34.80,81.40,68.20,63.00,62.80,70.80,74.10,68.80,55.00,50.00,10.58,29.00,20.00,24.80,32.58,Fiji,0.90,8.30,4.30,3.46,9268.06,7.94,3.87,269.51,49.60
57,Finland,Finland,Europe,26.00,15.00,74.10,89.00,82.70,89.80,66.50,2.30,81.10,89.90,50.50,86.00,86.90,85.00,80.00,1.57,31.80,20.00,43.99,57.05,Finland,5.49,231.37,0.40,-0.23,42164.60,9.00,0.39,42.03,63.56
58,France,France,Europe,71.00,34.00,63.90,84.00,72.70,65.10,47.30,2.70,60.80,80.20,45.00,81.60,81.90,75.00,70.00,1.57,45.00,34.30,45.50,56.95,France,64.61,2733.68,1.10,0.78,42313.99,9.97,0.31,28351.62,96.65
59,Gabon,Gabon,Sub-Saharan Africa,109.00,13.00,58.00,29.90,27.80,33.40,74.30,84.60,92.30,49.30,61.70,81.40,60.90,60.00,40.00,14.54,35.00,30.00,21.20,22.62,Gabon,1.88,35.85,4.00,4.27,19056.49,18.51,2.09,703.19,61.97
60,Gambia,Gambia,Sub-Saharan Africa,145.00,28.00,52.30,34.40,38.80,36.80,71.90,74.00,0.00,54.20,64.00,63.20,64.70,75.00,50.00,12.66,35.00,32.00,23.70,29.41,Gambia,2.06,3.43,4.40,3.61,1666.60,29.70,7.23,-1.84,116.11
61,Georgia,Georgia,Europe,16.00,9.00,76.20,62.80,64.20,61.80,87.00,73.30,91.80,86.90,77.30,79.60,89.40,80.00,60.00,0.30,20.00,15.00,25.90,29.84,Georgia,3.70,37.17,2.80,3.99,10043.77,11.58,2.13,1661.42,44.89
62,Germany,Germany,Europe,25.00,14.00,74.20,81.00,78.00,75.30,61.30,41.30,90.80,86.10,53.30,86.20,86.90,80.00,70.00,1.57,47.50,15.80,36.94,44.24,Germany,82.73,3980.28,1.50,1.23,48110.85,4.31,0.38,9528.28,67.65
63,Ghana,Ghana,Sub-Saharan Africa,122.00,19.00,56.00,48.90,43.70,32.90,83.50,79.00,9.50,59.50,56.20,63.70,65.10,70.00,60.00,9.96,25.00,25.00,20.10,26.45,Ghana,27.57,121.65,3.50,5.71,4411.93,5.77,17.46,3485.30,72.42
64,Greece,Greece,Europe,115.00,43.00,57.30,52.30,59.00,37.90,60.40,20.90,70.50,74.40,54.40,81.00,81.90,55.00,40.00,1.57,42.00,29.00,36.78,51.35,Greece,10.85,289.40,-0.20,-2.08,26669.10,23.91,0.01,3126.25,181.33
65,Guatemala,Guatemala,Americas,73.00,14.00,63.40,40.40,33.10,27.30,79.20,95.30,95.30,57.30,48.30,77.60,87.20,70.00,50.00,1.39,31.00,31.00,12.70,12.54,Guatemala,16.67,131.70,4.00,3.60,7899.20,2.38,4.47,1180.80,25.29
66,Guinea,Guinea,Sub-Saharan Africa,146.00,29.00,52.20,32.40,28.20,26.90,65.90,80.60,61.00,54.10,54.00,71.80,61.20,50.00,40.00,11.91,40.00,35.00,24.10,25.43,Guinea,12.65,16.00,0.10,2.22,1264.53,6.85,8.17,104.35,55.99
67,Guinea-Bissau,GuineaBissau,Sub-Saharan Africa,118.00,15.00,56.90,31.10,53.50,27.30,86.40,85.60,87.10,47.80,61.10,77.40,65.20,30.00,30.00,9.90,20.00,25.00,18.40,21.91,Guinea-Bissau,1.66,2.88,4.80,2.56,1729.90,6.53,1.50,19.58,46.31
68,Guyana,Guyana,Americas,102.00,21.00,58.70,42.10,42.50,34.80,68.40,70.80,73.80,60.30,70.50,79.30,71.50,60.00,30.00,6.73,33.30,40.00,21.30,31.22,Guyana,0.77,6.05,3.00,4.06,7872.87,11.44,0.83,58.00,48.31
69,Haiti,Haiti,Americas,124.00,25.00,55.80,25.10,42.50,24.60,80.10,85.60,83.60,48.30,64.10,68.90,71.90,45.00,30.00,6.55,30.00,30.00,13.70,21.90,Haiti,10.85,19.35,1.00,2.52,1784.07,13.19,13.38,104.37,33.55
70,Honduras,Honduras,Americas,94.00,19.00,60.60,44.30,34.50,28.20,82.80,76.60,87.40,58.50,31.90,73.80,84.40,65.00,60.00,2.79,25.00,25.00,21.60,27.92,Honduras,8.19,43.17,3.60,3.44,5271.47,6.28,2.73,1002.10,45.40
71,Hong Kong,HongKong,Asia-Pacific,1.00,1.00,90.20,92.50,84.30,82.80,93.10,90.20,100.00,96.30,89.40,84.30,90.00,90.00,90.00,0.00,15.00,16.50,13.90,18.05,Hong Kong SAR,7.37,429.65,2.40,2.38,58321.65,3.42,2.59,108125.99,0.06
72,Hungary,Hungary,Europe,55.00,26.00,66.70,57.60,57.10,36.40,78.60,29.40,82.40,61.80,68.70,91.60,86.90,80.00,70.00,1.57,15.00,19.00,39.40,48.52,Hungary,9.84,270.29,2.90,1.94,27481.79,5.17,0.38,-5313.59,74.20
73,Iceland,Iceland,Europe,11.00,5.00,77.00,86.70,72.60,77.30,72.10,44.20,94.30,89.50,61.80,81.70,88.50,85.00,70.00,0.77,31.80,20.00,37.12,43.13,Iceland,0.34,16.52,4.00,3.77,49135.58,3.76,1.70,-484.41,53.23
74,India,India,Asia-Pacific,130.00,30.00,54.50,55.40,54.30,47.20,79.40,77.70,13.20,56.40,41.80,75.90,72.40,40.00,40.00,6.30,30.90,32.44,7.20,27.25,India,1309.35,8662.35,7.30,6.79,6615.78,3.46,4.87,44485.62,69.54
75,Indonesia,Indonesia,Asia-Pacific,69.00,15.00,64.20,49.30,45.20,42.80,83.70,90.70,89.40,57.30,50.30,81.60,80.50,40.00,60.00,2.27,30.00,25.00,10.40,17.58,Indonesia,258.71,3032.09,4.80,5.30,11720.27,5.60,3.53,2658.09,27.85
76,Iran,Iran,Middle East / North Africa,156.00,13.00,50.90,32.50,35.30,32.60,81.00,91.10,91.70,64.30,58.20,59.80,54.50,0.00,10.00,15.23,35.00,25.00,7.10,17.19,Iran,80.46,1454.52,0.00,0.09,18077.47,11.27,8.87,3372.00,35.00
77,Iraq,Iraq,Middle East / North Africa,N/A,N/A,N/A,36.70,11.40,23.40,N/A,45.41,11.89,59.10,69.77,79.21,N/A,N/A,N/A,N/A,15.00,15.00,n/a,42.66,Iraq,36.07,647.18,2.40,7.45,17943.71,16.05,0.44,-5911.20,63.69
78,Ireland,Ireland,Europe,6.00,2.00,80.40,87.70,79.00,79.00,76.10,69.60,80.80,81.80,76.40,87.40,86.90,90.00,70.00,1.57,41.00,12.50,23.59,31.86,Ireland,4.69,324.90,7.80,7.98,69230.82,8.09,-0.21,22304.45,76.42
79,Israel,Israel,Middle East / North Africa,31.00,3.00,72.20,78.20,83.10,61.20,60.90,51.80,79.00,71.80,65.10,85.30,85.50,75.00,70.00,2.23,48.00,25.00,31.37,40.07,Israel,8.54,300.58,2.60,3.29,35178.67,5.61,-0.55,12323.70,62.21
80,Italy,Italy,Europe,79.00,36.00,62.50,71.20,60.90,40.10,55.20,24.10,68.20,70.30,50.30,88.20,86.90,85.00,50.00,1.57,43.00,27.50,43.34,50.30,Italy,60.67,2234.50,0.80,-0.55,36833.09,11.54,-0.05,28954.82,132.60
81,Jamaica,Jamaica,Americas,40.00,5.00,69.10,60.90,56.60,39.40,80.00,77.20,79.50,78.70,74.50,82.00,70.80,80.00,50.00,9.59,25.00,25.00,27.30,27.59,Jamaica,2.83,25.39,1.10,0.54,8975.73,13.26,3.83,855.87,115.16
82,Japan,Japan,Asia-Pacific,30.00,8.00,72.30,86.00,73.20,79.20,67.40,54.10,49.30,81.70,79.20,85.40,82.30,70.00,60.00,1.36,40.80,23.90,32.00,39.13,Japan,126.90,5237.79,0.50,1.21,41274.61,3.14,-0.11,11388.41,239.18
83,Jordan,Jordan,Middle East / North Africa,62.00,5.00,64.90,57.60,57.30,51.90,92.40,69.40,27.70,63.00,58.90,88.70,82.00,70.00,60.00,3.98,14.00,20.00,13.00,31.96,Jordan,6.98,85.65,2.50,2.61,12278.21,13.24,-0.78,1538.87,94.99
84,Kazakhstan,Kazakhstan,Asia-Pacific,41.00,11.00,69.10,56.00,58.10,44.60,92.60,85.30,87.30,74.30,86.80,68.20,75.60,50.00,50.00,4.72,10.00,20.00,15.60,22.17,Kazakhstan,17.95,451.28,1.20,3.52,25144.88,5.23,14.55,9069.31,21.08
85,Kenya,Kenya,Sub-Saharan Africa,129.00,22.00,54.70,47.90,44.00,27.50,78.50,77.50,14.10,55.50,62.90,74.00,69.80,55.00,50.00,7.60,30.00,30.00,18.70,27.39,Kenya,45.45,152.76,5.60,5.45,3361.02,11.00,6.30,394.01,54.40
86,Kiribati,Kiribati,Asia-Pacific,159.00,40.00,50.80,45.00,35.30,37.90,72.40,0.00,98.50,53.10,71.60,82.00,58.20,25.00,30.00,15.90,35.00,35.00,17.50,117.64,Kiribati,0.12,0.21,4.20,4.02,1823.32,N/A,1.92,3.06,26.84
87,"Korea, North ",NorthKorea,Asia-Pacific,180.00,43.00,5.80,29.80,5.00,25.20,0.00,0.00,0.00,5.00,5.00,0.00,0.00,0.00,0.00,N/A,n/a,n/a,n/a,n/a,"Korea, North ",25.30,$15.1 (2015 nominal),1.0 (2014),N/A,n/a,4.28,N/A,93.02,n/a
88,"Korea, South",SouthKorea,Asia-Pacific,27.00,7.00,73.80,79.40,63.70,49.90,73.30,68.80,97.00,90.70,58.70,83.90,80.40,70.00,70.00,4.78,38.00,24.20,25.25,32.27,"Korea, South",51.25,1934.03,2.60,2.83,37740.40,3.65,0.97,10826.60,38.55
89,Kuwait,Kuwait,Middle East / North Africa,81.00,6.00,62.20,52.00,53.50,36.60,97.70,20.50,99.30,57.20,61.50,73.70,79.10,55.00,60.00,2.96,0.00,15.00,1.40,51.48,Kuwait,4.23,303.69,0.90,2.67,71887.33,2.44,3.21,274.74,18.59
90,Kyrgyz Republic,KyrgyzRepublic,Asia-Pacific,78.00,18.00,62.80,50.20,22.10,29.40,93.80,58.20,89.20,73.30,77.90,74.90,74.50,60.00,50.00,2.74,10.00,10.00,20.50,37.34,Kyrgyz Republic,6.11,21.50,3.50,4.42,3521.16,7.69,0.39,466.78,58.49
91,Laos,Laos,Asia-Pacific,138.00,34.00,53.60,34.10,41.40,33.10,86.70,79.30,60.20,65.40,55.00,76.00,56.60,35.00,20.00,14.19,24.00,24.00,13.40,26.27,Lao P.D.R.,7.16,40.90,7.00,7.65,5709.60,1.48,2.00,889.87,67.32
92,Latvia,Latvia,Europe,28.00,16.00,73.60,68.30,58.90,45.40,84.00,59.00,95.30,80.10,72.50,87.30,86.90,85.00,60.00,1.57,23.00,15.00,29.00,36.96,Latvia,1.97,50.62,2.70,2.68,25709.81,9.88,0.10,126.10,34.34
93,Lebanon,Lebanon,Middle East / North Africa,140.00,12.00,53.20,39.70,33.60,20.20,91.90,78.20,0.00,48.80,44.20,81.90,84.50,65.00,50.00,2.77,20.00,15.00,13.50,26.95,Lebanon,4.60,85.16,1.00,1.86,18524.56,6.78,-0.82,2563.92,143.42
94,Lesotho,Lesotho,Sub-Saharan Africa,136.00,25.00,53.90,49.40,52.70,32.90,48.20,23.80,90.50,52.90,58.90,74.20,68.50,55.00,40.00,8.24,35.00,25.00,59.60,50.38,Lesotho,1.94,6.98,2.50,3.54,3601.41,27.42,7.00,132.24,47.79
95,Liberia,Liberia,Sub-Saharan Africa,158.00,35.00,50.90,28.20,42.40,32.00,77.50,59.40,39.10,53.10,59.50,71.40,72.80,55.00,20.00,12.44,25.00,25.00,31.70,36.81,Liberia,4.40,3.76,0.00,3.29,855.12,4.00,8.84,453.18,44.80
96,Libya,Libya,Middle East / North Africa,N/A,N/A,N/A,5.20,22.10,23.10,90.50,0.00,19.89,63.50,45.94,56.23,80.00,5.00,N/A,0.00,10.00,20.00,21.30,92.93,Libya,6.39,55.41,-6.40,3.26,8678.46,19.22,27.11,492.56,7.40
97,Liechtenstein,Liechtenstein,Europe,N/A,N/A,N/A,N/A,N/A,N/A,N/A,N/A,N/A,N/A,N/A,N/A,90.00,85.00,80.00,0.00,7.00,12.50,n/a,n/a,Liechtenstein,38000.00,$6.1 (2014 nominal),1.2 (2014),N/A,160526.00,2.4 (2015),N/A,n/a,n/a
98,Lithuania,Lithuania,Europe,19.00,11.00,75.30,73.80,66.70,50.90,86.40,63.90,96.70,73.40,64.50,89.90,86.90,80.00,70.00,1.57,15.00,15.00,30.10,34.71,Lithuania,2.87,86.05,1.60,2.98,29972.33,9.19,0.68,-207.87,40.01
99,Luxembourg,Luxembourg,Europe,14.00,7.00,76.40,82.70,77.90,79.00,65.10,48.50,99.00,69.20,46.20,87.60,86.90,95.00,80.00,1.57,42.00,19.00,36.96,41.43,Luxembourg,0.58,59.93,4.50,3.29,104003.30,5.94,0.11,26857.37,22.62
100,Macau,Macau,Asia-Pacific,34.00,9.00,70.90,60.00,60.00,36.40,75.30,91.00,100.00,60.00,50.00,73.60,90.00,85.00,70.00,0.00,12.00,39.00,28.30,17.36,Macau,0.66,62.57,-20.30,-1.26,95150.54,2.73,2.38,3026.70,0.00
101,Macedonia,Macedonia,Europe,33.00,18.00,71.30,64.80,57.00,47.40,91.60,70.30,78.10,82.90,69.00,81.80,87.80,65.00,60.00,1.12,10.00,10.00,25.20,31.48,Macedonia,2.07,30.27,3.70,2.47,14596.96,26.73,-0.24,396.51,38.68
102,Madagascar,Madagascar,Sub-Saharan Africa,119.00,16.00,56.80,33.20,21.40,17.80,90.30,92.90,82.50,45.60,41.50,73.40,78.00,55.00,50.00,5.99,20.00,20.00,13.00,15.37,Madagascar,24.92,37.49,3.00,3.17,1504.74,2.13,6.74,540.59,42.26
103,Malawi,Malawi,Sub-Saharan Africa,148.00,31.00,52.00,33.10,47.10,28.90,76.90,70.70,28.10,47.70,59.90,60.40,71.50,50.00,50.00,4.24,30.00,30.00,22.50,31.27,Malawi,18.63,21.14,3.00,3.60,1134.50,6.74,21.68,325.63,62.08
104,Malaysia,Malaysia,Asia-Pacific,22.00,6.00,74.50,83.80,65.20,54.80,85.60,81.30,80.70,83.90,75.80,85.60,87.40,60.00,50.00,1.28,25.00,25.00,13.80,24.94,Malaysia,31.66,863.28,5.00,5.08,27266.66,3.30,2.09,9925.95,56.25
105,Maldives,Maldives,Asia-Pacific,155.00,39.00,51.10,45.00,38.80,36.60,94.30,45.50,6.70,78.60,70.60,83.30,48.40,35.00,30.00,20.80,0.00,0.00,23.90,42.62,Maldives,0.35,5.50,1.90,3.99,15553.00,3.23,0.86,448.01,81.51
106,Mali,Mali,Sub-Saharan Africa,113.00,14.00,57.60,31.90,32.40,31.40,68.10,85.30,84.80,52.80,48.40,81.90,68.70,65.00,40.00,10.64,40.00,35.00,19.00,22.16,Mali,16.82,38.11,6.10,3.97,2266.00,8.10,-1.80,125.53,30.54
107,Malta,Malta,Europe,46.00,22.00,68.50,68.10,62.80,49.90,64.70,51.00,90.00,64.00,61.10,78.80,86.90,85.00,60.00,1.57,35.00,35.00,32.80,40.43,Malta,0.43,17.30,6.30,5.57,39833.84,5.32,0.90,3575.02,59.42
108,Mauritania,Mauritania,Sub-Saharan Africa,134.00,24.00,54.00,23.90,17.60,28.90,75.90,72.80,71.80,64.20,59.20,82.40,61.50,50.00,40.00,11.74,30.00,25.00,29.70,30.10,Mauritania,3.79,16.42,1.90,3.98,4327.96,11.66,1.47,271.65,99.61
109,Mauritius,Mauritius,Sub-Saharan Africa,21.00,1.00,75.10,68.70,69.60,52.10,91.00,80.70,73.70,77.50,66.80,82.90,88.70,80.00,70.00,0.63,15.00,15.00,21.20,25.35,Mauritius,1.27,25.89,3.40,3.43,20421.62,7.78,0.98,349.42,62.68
110,Mexico,Mexico,Americas,63.00,12.00,64.80,58.60,39.00,26.90,75.70,78.10,69.80,67.50,59.80,79.20,88.00,75.00,60.00,1.02,35.00,30.00,17.44,27.03,Mexico,122.27,2315.65,2.50,2.51,18938.32,4.02,2.82,26738.61,58.10
111,Micronesia,Micronesia,Asia-Pacific,143.00,36.00,52.30,5.20,25.40,38.80,93.20,7.40,98.70,57.60,67.40,83.80,85.60,35.00,30.00,2.20,10.00,21.00,12.00,55.57,Micronesia,0.10,0.33,-0.20,-0.29,3234.28,N/A,1.28,n/a,24.85
112,Moldova,Moldova,Europe,105.00,40.00,58.40,53.50,26.30,26.60,85.30,56.70,90.00,66.00,39.90,73.20,78.30,55.00,50.00,3.35,18.00,12.00,31.60,38.00,Moldova,3.55,18.92,-1.10,3.41,5327.97,4.98,6.38,143.15,38.09
113,Mongolia,Mongolia,Asia-Pacific,125.00,27.00,55.70,51.00,30.90,34.80,88.40,57.10,3.80,67.00,75.60,79.10,75.90,45.00,60.00,4.57,10.00,25.00,20.90,37.80,Mongolia,3.01,37.00,2.30,7.04,12274.89,6.69,0.55,-4072.14,90.00
114,Montenegro,Montenegro,Europe,68.00,33.00,64.30,54.20,51.30,38.10,85.20,35.70,69.10,72.90,70.90,84.90,84.70,75.00,50.00,2.63,9.00,9.00,36.30,46.31,Montenegro,0.62,10.36,4.10,1.67,16643.18,17.49,-0.42,226.26,71.32
115,Morocco,Morocco,Middle East / North Africa,86.00,7.00,61.90,53.80,44.30,41.30,70.50,70.50,60.60,69.60,36.00,82.30,79.40,65.00,70.00,2.79,38.00,30.00,24.60,31.35,Morocco,33.83,281.79,4.50,3.22,8330.40,9.98,1.60,2321.80,64.69
116,Mozambique,Mozambique,Sub-Saharan Africa,170.00,42.00,46.30,35.40,36.30,28.20,70.60,60.70,0.00,58.00,37.80,66.70,76.70,35.00,50.00,4.17,32.00,32.00,29.80,36.20,Mozambique,28.75,34.94,6.30,6.36,1215.32,24.37,19.20,3093.43,115.20
117,Namibia,Namibia,Sub-Saharan Africa,103.00,11.00,58.50,56.60,54.20,45.40,63.00,50.40,16.50,67.50,85.50,74.80,83.30,65.00,40.00,0.87,37.00,34.00,34.30,40.67,Namibia,2.30,25.96,4.50,4.51,11289.73,25.59,6.73,274.85,42.07
118,Nepal,Nepal,Asia-Pacific,133.00,32.00,54.10,37.50,36.20,24.60,84.20,87.60,98.50,64.60,43.50,65.80,66.60,10.00,30.00,11.72,25.00,25.00,18.30,20.34,Nepal,28.85,71.53,3.40,3.64,2478.94,3.21,9.93,105.94,27.27
119,Netherlands,Netherlands,Europe,17.00,10.00,76.20,87.90,74.10,86.00,52.50,39.10,88.20,80.50,61.50,87.50,86.90,90.00,80.00,1.57,52.00,25.00,37.75,45.05,Netherlands,17.03,869.37,1.90,0.84,51049.02,6.17,0.11,91956.17,62.57
120,New Zealand,NewZealand,Asia-Pacific,3.00,3.00,84.20,95.10,88.40,95.70,70.50,49.50,98.30,91.50,84.40,90.00,87.40,80.00,80.00,1.32,33.00,28.00,32.76,41.04,New Zealand,4.75,177.00,3.40,2.91,37293.98,5.25,0.65,2291.63,29.50
121,Nicaragua,Nicaragua,Americas,100.00,20.00,58.90,29.80,19.00,24.20,77.20,80.00,94.80,60.20,57.30,73.00,81.00,60.00,50.00,2.00,30.00,30.00,22.00,25.83,Nicaragua,6.15,33.55,4.50,4.86,5451.71,5.89,3.10,887.80,31.08
122,Niger,Niger,Sub-Saharan Africa,160.00,36.00,49.50,37.40,32.60,30.40,73.30,72.90,15.80,45.50,45.70,83.50,61.50,55.00,40.00,11.77,35.00,30.00,23.40,30.08,Niger,18.19,20.14,4.00,6.46,1107.18,2.63,1.10,292.83,45.94
123,Nigeria,Nigeria,Sub-Saharan Africa,104.00,12.00,58.50,38.00,39.60,14.40,84.40,96.30,80.90,49.30,81.50,66.90,65.50,45.00,40.00,9.75,24.00,30.00,9.00,11.04,Nigeria,183.64,1091.23,2.70,3.42,5942.35,5.01,15.70,4448.73,18.62
124,Norway,Norway,Europe,23.00,12.00,74.30,86.40,86.00,93.60,56.40,29.20,97.80,90.40,54.60,73.90,87.90,75.00,60.00,1.04,47.80,25.00,38.07,48.57,Norway,5.26,364.44,1.60,1.66,69249.46,4.81,3.55,-5532.74,33.20
125,Oman,Oman,Middle East / North Africa,93.00,8.00,61.00,59.50,57.40,51.50,98.50,25.00,17.70,76.30,55.20,79.20,86.20,65.00,60.00,1.90,0.00,12.00,8.50,50.00,Oman,3.96,184.79,4.10,4.70,46697.96,17.52,1.10,142.00,34.27
126,Pakistan,Pakistan,Asia-Pacific,131.00,31.00,54.40,36.00,34.00,27.30,78.50,88.20,54.00,55.30,40.60,77.70,65.90,55.00,40.00,9.53,30.00,33.00,12.60,19.80,Pakistan,193.56,988.24,4.20,4.06,5105.60,5.87,2.86,2006.00,66.89
127,Panama,Panama,Americas,54.00,10.00,67.00,60.90,29.40,38.80,85.00,84.10,86.10,74.40,43.50,79.50,77.80,75.00,70.00,6.08,25.00,25.00,15.80,23.05,Panama,4.04,92.95,5.80,6.54,23023.89,5.82,0.74,5209.30,39.17
128,Papua New Guinea,PapuaNewGuinea,Asia-Pacific,127.00,28.00,55.70,38.00,55.10,33.10,71.10,82.00,51.90,60.60,66.70,68.80,85.90,25.00,30.00,2.03,42.00,30.00,15.10,24.47,Papua New Guinea,7.91,28.01,9.00,5.47,3540.98,2.49,6.93,-39.58,33.48
129,Paraguay,Paraguay,Americas,82.00,17.00,62.10,38.30,28.20,28.30,96.10,82.20,97.10,62.20,29.90,72.40,76.10,75.00,60.00,4.43,10.00,10.00,13.80,24.38,Paraguay,6.86,64.41,3.00,4.91,9396.02,5.44,4.09,273.58,24.73
130,Peru,Peru,Americas,43.00,7.00,68.70,56.90,33.50,36.60,80.60,85.60,94.70,69.20,62.40,83.10,87.10,75.00,60.00,1.43,30.00,28.00,15.90,21.93,Peru,31.48,406.21,3.30,4.28,12903.09,4.95,3.59,6862.89,24.82
131,Philippines,Philippines,Asia-Pacific,61.00,13.00,65.00,45.00,38.20,34.40,78.90,89.30,97.70,62.60,57.60,76.30,80.70,60.00,60.00,2.15,32.00,30.00,13.70,18.91,Philippines,104.20,805.23,5.80,6.54,7728.07,5.88,1.78,7912.20,33.71
132,Poland,Poland,Europe,45.00,21.00,68.50,61.80,56.60,50.90,75.90,47.80,81.50,67.20,63.90,85.00,86.90,75.00,70.00,1.57,32.00,19.00,32.08,41.70,Poland,37.97,1054.13,3.60,2.61,27764.26,6.18,-0.58,11357.85,54.24
133,Portugal,Portugal,Europe,72.00,35.00,63.40,69.20,70.10,56.80,59.80,29.80,46.00,83.20,44.10,85.30,86.90,70.00,60.00,1.57,48.00,23.00,34.49,48.38,Portugal,10.33,298.74,1.50,-0.25,28933.32,11.16,0.64,6064.56,130.30
134,Qatar,Qatar,Middle East / North Africa,29.00,2.00,72.60,70.30,59.80,71.60,99.60,60.20,95.40,71.30,65.40,75.00,83.30,60.00,60.00,3.36,0.00,0.00,6.40,36.43,Qatar,2.58,329.16,3.30,3.86,127659.60,0.23,2.66,773.90,47.60
135,Romania,Romania,Europe,37.00,19.00,69.40,61.00,59.70,40.00,87.30,66.90,91.10,65.20,66.80,82.80,86.90,75.00,50.00,1.57,16.00,16.00,27.50,33.22,Romania,19.76,441.60,3.70,3.19,22347.88,6.42,-1.56,4573.02,39.20
136,Russia,Russia,Europe,107.00,41.00,58.20,48.70,46.90,38.10,85.80,62.50,87.70,77.00,52.00,60.80,79.40,30.00,30.00,2.80,13.00,20.00,29.20,35.35,Russia,143.44,3799.70,-3.70,0.49,26489.82,5.72,7.05,37667.63,17.04
137,Rwanda,Rwanda,Sub-Saharan Africa,39.00,3.00,69.10,69.80,79.60,61.20,75.80,77.70,82.30,55.00,81.20,76.50,70.70,60.00,40.00,7.15,30.00,30.00,25.00,27.24,Rwanda,11.53,22.79,6.90,7.18,1976.82,2.53,5.72,409.79,37.64
138,Saint Lucia,SaintLucia,Americas,51.00,9.00,67.60,67.90,69.20,50.90,75.50,72.40,67.70,76.60,69.50,81.70,74.30,65.00,40.00,7.84,30.00,30.00,25.50,30.31,Saint Lucia,0.17,2.06,1.60,0.32,11782.93,19.76,-1.74,94.59,82.93
139,Saint Vincent and the Grenadines,SaintVincentGrenadines,Americas,49.00,8.00,67.70,36.70,69.20,51.50,72.70,72.70,83.40,80.00,75.00,85.40,75.70,70.00,40.00,7.15,32.50,33.00,24.20,30.14,Saint Vincent and the Grenadines,0.11,1.24,1.60,1.29,11270.50,19.31,-0.13,103.51,79.25
140,Samoa,Samoa,Asia-Pacific,90.00,21.00,61.50,53.10,38.80,40.10,79.90,55.10,78.10,77.00,76.50,84.80,70.20,55.00,30.00,9.90,27.00,27.00,23.60,38.70,Samoa,0.20,1.08,1.70,1.58,5553.35,7.16,0.13,2.34,52.61
141,São Tomé and Príncipe,SaoTomePrincipe,Sub-Saharan Africa,137.00,26.00,53.60,38.00,28.20,39.40,82.00,69.50,45.80,65.90,42.70,70.10,71.80,60.00,30.00,9.10,20.00,25.00,27.80,31.87,São Tomé and Príncipe,0.21,0.64,4.00,4.18,3071.84,13.60,5.43,22.15,92.78
142,Saudi Arabia,SaudiArabia,Middle East / North Africa,98.00,9.00,59.60,53.10,60.20,49.90,99.70,52.00,19.70,74.00,64.80,73.80,78.20,40.00,50.00,3.40,2.50,2.50,8.70,40.00,Saudi Arabia,31.74,1750.86,3.40,3.45,55158.22,5.53,3.51,7452.53,12.36
143,Senegal,Senegal,Sub-Saharan Africa,126.00,21.00,55.70,41.30,40.40,42.60,68.50,72.70,58.40,51.50,41.40,84.70,66.70,60.00,40.00,11.64,40.00,30.00,25.50,30.17,Senegal,15.41,39.69,6.50,5.10,2576.59,9.48,0.85,392.82,57.44
144,Serbia,Serbia,Europe,80.00,37.00,62.50,46.20,48.20,36.50,83.50,40.60,67.00,68.30,69.20,82.90,87.40,70.00,50.00,1.29,15.00,15.00,34.60,44.51,Serbia,7.02,101.75,0.70,0.65,14493.13,16.53,1.12,2298.78,74.14
145,Seychelles,Seychelles,Sub-Saharan Africa,88.00,7.00,61.60,60.70,38.80,38.80,73.40,63.00,90.60,63.40,57.50,81.50,86.70,55.00,30.00,1.64,15.00,33.00,36.70,35.13,Seychelles,0.09,2.60,4.40,5.01,27602.21,N/A,-1.01,155.24,68.59
146,Sierra Leone,SierraLeone,Sub-Saharan Africa,151.00,33.00,51.80,33.60,29.60,22.00,79.90,89.80,65.90,51.30,30.50,69.50,69.40,60.00,20.00,10.31,30.00,30.00,14.50,18.40,Sierra Leone,6.44,10.76,-21.50,4.95,1671.64,3.00,11.30,516.00,53.41
147,Singapore,Singapore,Asia-Pacific,2.00,2.00,88.80,98.40,90.90,91.20,90.40,90.60,80.00,90.90,92.60,85.20,90.00,85.00,80.00,0.00,22.00,17.00,13.60,17.71,Singapore,5.61,492.63,2.00,3.27,87855.38,1.83,-0.53,61596.68,112.03
148,Slovakia,Slovakia,Europe,59.00,29.00,65.30,68.20,38.80,38.20,78.90,44.30,84.90,63.90,54.00,81.00,86.90,75.00,70.00,1.57,25.00,21.00,32.25,43.07,Slovak Republic,5.43,170.05,3.60,2.57,31338.81,9.99,-0.47,-295.35,52.27
149,Slovenia,Slovenia,Europe,64.00,31.00,64.80,76.60,57.70,52.10,58.70,31.20,66.30,79.50,61.30,87.30,86.90,70.00,50.00,1.57,50.00,17.00,36.60,47.88,Slovenia,2.06,66.23,2.90,0.83,32084.87,8.69,-0.06,919.21,78.91
150,Solomon Islands,SolomonIslands,Asia-Pacific,114.00,26.00,57.50,49.40,57.30,36.80,65.50,35.60,99.80,68.90,72.40,84.00,74.70,15.00,30.00,7.65,40.00,30.00,30.80,46.35,Solomon Islands,0.60,1.19,3.30,2.94,1972.58,31.43,0.44,24.53,9.04
151,South Africa,SouthAfrica,Sub-Saharan Africa,77.00,4.00,63.00,67.70,65.90,45.40,62.50,68.10,74.60,65.10,60.10,74.60,71.60,50.00,50.00,4.22,45.00,28.00,30.60,32.63,South Africa,55.91,739.42,1.30,1.60,13225.43,25.93,6.34,2270.42,50.47
152,Spain,Spain,Europe,60.00,30.00,65.10,73.10,62.00,51.50,62.00,42.80,36.10,66.30,59.00,86.70,86.90,85.00,70.00,1.57,45.00,25.00,33.85,43.68,Spain,46.32,1686.89,3.20,0.64,36415.96,19.45,-0.20,18658.86,99.26
153,Sri Lanka,SriLanka,Asia-Pacific,111.00,25.00,57.80,46.50,52.00,30.70,84.90,89.30,24.90,76.20,60.10,74.00,74.50,40.00,40.00,5.25,24.00,28.00,12.10,18.86,Sri Lanka,21.25,260.59,5.20,5.30,12262.32,4.98,3.73,898.08,77.34
154,Sudan,Sudan,Sub-Saharan Africa,161.00,37.00,49.40,27.80,21.40,21.20,85.90,95.30,87.20,52.30,58.80,62.20,56.10,5.00,20.00,11.95,10.00,35.00,9.00,12.48,Sudan,39.60,176.09,3.50,2.35,4446.76,13.30,17.75,1063.77,64.18
155,Suriname,Suriname,Americas,166.00,29.00,48.10,39.70,21.40,39.90,71.40,76.40,11.70,48.30,73.50,50.50,74.80,40.00,30.00,7.61,38.00,36.00,11.10,28.07,Suriname,0.56,7.89,0.10,-1.44,13988.19,9.98,55.50,221.79,64.61
156,Swaziland,Swaziland,Sub-Saharan Africa,123.00,20.00,55.90,55.30,35.30,26.90,74.80,65.20,39.70,61.10,69.50,73.20,79.70,50.00,40.00,5.17,33.00,27.50,26.00,34.07,Swaziland,1.13,11.07,1.70,2.52,9775.76,25.28,8.03,-10.61,27.50
157,Sweden,Sweden,Europe,15.00,8.00,76.30,92.60,88.20,92.90,43.90,23.20,96.10,89.30,53.70,83.80,86.90,85.00,80.00,1.57,57.00,22.00,43.34,50.58,Sweden,10.00,498.12,4.10,2.19,49836.22,7.09,1.14,19583.88,41.65
158,Switzerland,Switzerland,Europe,4.00,1.00,81.70,84.20,82.10,82.80,70.50,65.40,95.90,75.70,73.90,85.20,90.00,85.00,90.00,0.00,40.00,24.00,27.89,33.97,Switzerland,8.33,495.96,0.90,1.39,59560.70,4.58,-0.43,-26340.20,45.39
159,Syria,Syria,Middle East / North Africa,N/A,N/A,N/A,36.70,22.10,23.10,N/A,n/a,13.84,61.80,59.25,44.20,56.64,0.00,N/A,14.18,22.00,28.00,n/a,n/a,Syria,18.40,$21.0 (nominal),-4.80,N/A,n/a,14.31,44.50,n/a,55.50
160,Taiwan ,Taiwan,Asia-Pacific,13.00,5.00,76.60,84.30,69.20,70.90,76.10,90.40,90.80,93.20,54.90,83.30,86.20,60.00,60.00,1.90,45.00,17.00,8.70,17.85,Taiwan ,23.54,1132.14,0.70,2.08,48094.79,3.96,1.39,8333.00,35.37
161,Tajikistan,Tajikistan,Asia-Pacific,106.00,23.00,58.30,46.80,50.30,38.20,91.80,71.40,90.40,63.40,52.20,69.60,70.60,25.00,30.00,7.18,13.00,15.00,20.60,30.87,Tajikistan,8.66,26.03,3.00,6.90,3007.57,10.82,5.91,434.22,35.32
162,Tanzania,Tanzania,Sub-Saharan Africa,97.00,10.00,59.90,38.00,34.70,31.80,79.80,89.80,79.00,50.00,63.90,70.30,76.90,55.00,50.00,6.54,30.00,30.00,15.00,18.45,Tanzania,48.63,149.80,7.00,6.58,3080.32,2.62,5.17,1365.40,39.01
163,Thailand,Thailand,Asia-Pacific,53.00,12.00,67.10,48.60,45.30,34.70,81.30,85.50,96.40,77.20,62.60,75.50,83.10,55.00,60.00,3.47,35.00,20.00,15.70,21.98,Thailand,68.98,1164.93,2.80,3.41,16887.65,0.63,0.19,1554.16,42.24
164,Timor-Leste,TimorLeste,Asia-Pacific,167.00,41.00,48.10,29.90,13.80,32.00,97.40,30.90,20.00,66.90,62.70,78.40,80.00,45.00,20.00,2.50,10.00,10.00,8.00,47.98,Timor-Leste,1.19,4.98,4.30,4.76,4186.55,4.02,-1.34,5.48,0.00
165,Togo,Togo,Sub-Saharan Africa,168.00,41.00,47.80,32.70,28.20,31.40,64.30,73.30,7.50,49.70,45.20,78.50,67.20,65.00,30.00,11.41,45.00,27.00,28.50,29.81,Togo,7.51,11.64,5.30,5.54,1550.29,6.79,0.90,254.94,79.10
166,Tonga,Tonga,Asia-Pacific,76.00,17.00,63.10,62.10,25.40,40.50,85.40,68.70,95.90,75.50,86.40,78.30,78.60,40.00,20.00,5.72,20.00,25.00,20.80,32.31,Tonga,0.10,0.56,2.60,1.66,5386.47,4.87,1.43,8.86,45.10
167,Trinidad and Tobago,TrinidadTobago,Americas,112.00,22.00,57.70,54.90,49.80,33.10,83.50,54.40,12.60,68.30,74.50,77.40,73.50,60.00,50.00,8.27,25.00,25.00,20.00,38.97,Trinidad and Tobago,1.37,43.55,-1.80,-0.46,31870.29,3.85,3.43,-60.38,61.01
168,Tunisia,Tunisia,Middle East / North Africa,99.00,10.00,58.90,49.40,41.70,36.80,73.00,75.50,61.60,81.40,52.90,77.20,82.10,45.00,30.00,3.94,35.00,30.00,24.00,28.58,Tunisia,11.22,130.58,0.80,2.14,11634.07,14.79,3.73,957.62,60.64
169,Turkey,Turkey,Europe,58.00,28.00,65.40,54.70,54.50,42.00,74.70,68.10,93.60,63.30,47.60,72.30,78.60,75.00,60.00,3.20,35.00,20.00,30.03,32.61,Turkey,79.82,1988.33,3.80,5.48,24911.75,10.33,7.78,11987.00,29.10
170,Turkmenistan,Turkmenistan,Asia-Pacific,169.00,42.00,47.10,29.80,5.00,27.30,95.90,92.20,98.60,30.00,20.00,76.30,80.00,0.00,10.00,0.00,10.00,8.00,15.60,16.10,Turkmenistan,5.46,95.53,6.50,8.85,17485.20,8.62,3.53,4522.48,23.87
171,Uganda,Uganda,Sub-Saharan Africa,83.00,5.00,62.00,43.50,40.30,28.30,73.00,90.90,80.70,45.40,83.90,80.50,78.10,60.00,40.00,5.93,40.00,30.00,14.30,17.39,Uganda,41.09,84.98,5.00,4.28,2068.23,2.28,5.46,541.19,36.87
172,Ukraine,Ukraine,Europe,150.00,44.00,51.90,41.00,29.50,29.00,80.20,45.00,75.90,62.70,52.80,60.10,81.10,35.00,30.00,1.93,20.00,18.00,35.50,42.80,Ukraine,42.50,352.98,-9.90,-2.76,8305.08,8.87,13.91,3336.00,81.25
173,United Arab Emirates,UnitedArabEmirates,Middle East / North Africa,10.00,1.00,77.60,76.30,83.40,77.30,98.40,70.90,99.00,79.90,81.10,80.20,84.30,40.00,60.00,2.83,0.00,0.00,12.80,31.15,United Arab Emirates,9.86,668.93,3.90,4.28,67870.78,3.69,1.77,8985.71,19.30
174,United Kingdom,UnitedKingdom,Europe,8.00,4.00,78.00,92.20,93.80,79.00,65.20,44.40,53.50,91.10,74.40,85.20,86.90,90.00,80.00,1.57,45.00,20.00,32.52,43.04,United Kingdom,65.57,2785.56,2.20,2.06,42480.72,4.85,0.64,253825.78,89.16
175,United States,UnitedStates,Americas,18.00,2.00,75.70,79.30,76.90,71.90,65.10,56.50,54.80,82.70,91.40,78.60,86.70,85.00,80.00,1.64,39.60,35.00,26.36,38.06,United States,323.30,18569.10,2.40,2.10,57436.41,4.91,1.28,391104.00,107.35
176,Uruguay,Uruguay,Americas,38.00,4.00,69.20,69.30,67.00,71.60,78.00,68.60,71.10,74.40,64.40,70.70,80.40,85.00,30.00,4.79,30.00,25.00,26.00,32.37,Uruguay,3.48,74.92,1.50,2.77,21527.27,8.15,9.64,953.13,60.93
177,Uzbekistan,Uzbekistan,Asia-Pacific,152.00,37.00,51.50,48.70,35.30,24.20,91.00,65.50,99.70,66.90,52.00,61.90,62.50,0.00,10.00,8.73,22.00,7.50,18.90,33.89,Uzbekistan,31.34,205.69,8.00,8.02,6562.55,8.90,7.98,66.50,11.59
178,Vanuatu,Vanuatu,Asia-Pacific,36.00,10.00,69.50,67.90,47.10,75.40,97.00,78.50,98.00,55.20,59.50,75.70,75.00,65.00,40.00,5.01,0.00,0.00,17.40,26.75,Vanuatu,0.28,0.72,-0.80,1.85,2631.41,5.36,2.19,32.39,31.27
179,Venezuela,Venezuela,Americas,179.00,32.00,25.20,5.20,13.80,7.50,72.50,57.30,18.40,35.40,24.20,0.00,58.70,0.00,10.00,10.67,34.00,34.00,20.90,37.74,Venezuela,31.03,426.97,-5.70,-4.23,13760.56,6.90,254.95,1772.00,28.21
180,Vietnam,Vietnam,Asia-Pacific,141.00,35.00,53.10,46.40,36.30,30.40,79.70,74.00,27.30,63.20,60.40,75.40,78.70,25.00,40.00,3.14,35.00,22.00,17.90,29.43,Vietnam,92.64,595.52,6.70,5.91,6428.57,2.18,2.67,12600.00,62.42
181,Yemen,Yemen,Middle East / North Africa,N/A,N/A,N/A,17.88,16.63,21.20,N/A,80.94,5.43,52.70,52.12,66.57,N/A,50.00,N/A,5.14,20.00,20.00,n/a,25.20,Yemen,29.13,69.19,-28.10,-6.17,2374.86,17.06,5.00,-561.00,85.36
182,Zambia,Zambia,Sub-Saharan Africa,132.00,23.00,54.30,46.00,40.60,36.30,72.10,80.20,14.40,69.80,43.50,65.40,78.30,55.00,50.00,3.35,35.00,35.00,18.40,25.67,Zambia,16.72,64.87,3.60,4.65,3880.31,7.53,17.90,468.54,53.11
183,Zimbabwe,Zimbabwe,Sub-Saharan Africa,174.00,44.00,44.00,27.60,33.00,18.90,61.10,72.00,59.10,37.10,38.80,76.90,69.10,25.00,10.00,5.43,51.50,25.00,24.80,30.56,Zimbabwe,14.50,28.57,1.50,4.11,1970.26,5.09,-1.57,319.41,75.32
184,Somalia,Somalia,Sub-Saharan Africa,N/A,N/A,N/A,33.10,25.40,17.80,N/A,N/A,n/a,N/A,N/A,N/A,N/A,N/A,N/A,N/A,n/a,n/a,n/a,n/a,Somalia,10.80,$5.9 (2015 nominal),3.70,N/A,n/a,6.62,N/A,339.00,n/a
185,Kosovo,Kosovo,Europe,56.00,27.00,66.60,52.30,59.00,45.40,93.20,77.90,92.80,72.60,58.30,81.20,70.80,65.00,30.00,7.10,10.00,10.00,21.80,27.12,Kosovo,1.90,18.44,3.30,3.03,"$9,600 (estimated)",N/A,0.27,249.0 (2014 net),20.58
186,Brunei Darussalam,Brunei ,Asia-Pacific,70.00,16.00,64.20,56.60,57.10,45.40,85.60,57.70,20.00,79.90,88.90,75.10,89.10,65.00,50.00,0.46,0.00,18.50,33.10,37.53,Brunei Darussalam,0.42,32.54,-0.20,-1.46,76884.05,2.00,-0.73,-149.64,3.06
